{"cameraMode":{"drawMode":0,"name":"Shaded","section":"Shading Mode"},"sceneLighting":false,"audioPlay":false,"sceneViewState":{"showFog":true,"showMaterialUpdate":false,"showSkybox":false,"showFlares":true,"showImageEffects":true,"showParticleSystems":true},"in2DMode":false,"pivot":{"x":0.097991943359375,"y":0.160003662109375,"z":0.035999998450279239},"rotation":{"x":0.07807816565036774,"y":0.26153266429901125,"z":-0.021229421719908716,"w":0.9618029594421387},"size":1.1161302328109742,"orthographic":true}