{"cameraMode":{"drawMode":0,"name":"Shaded","section":"Shading Mode"},"sceneLighting":false,"audioPlay":false,"sceneViewState":{"showFog":true,"showMaterialUpdate":false,"showSkybox":false,"showFlares":true,"showImageEffects":true,"showParticleSystems":true},"in2DMode":false,"pivot":{"x":12.430649757385254,"y":0.8374098539352417,"z":-20.65000343322754},"rotation":{"x":0.48697710037231448,"y":-0.19575875997543336,"z":0.1129956990480423,"w":0.8436617255210877},"size":60.66545867919922,"orthographic":true}