{"cameraMode":{"drawMode":0,"name":"Shaded","section":"Shading Mode"},"sceneLighting":false,"audioPlay":false,"sceneViewState":{"showFog":true,"showMaterialUpdate":false,"showSkybox":false,"showFlares":true,"showImageEffects":true,"showParticleSystems":true},"in2DMode":false,"pivot":{"x":-0.9599999189376831,"y":1.0,"z":-2.049999952316284},"rotation":{"x":0.004499959293752909,"y":0.0036018239334225656,"z":-0.00001621149385755416,"w":0.9999837875366211},"size":0.7674108743667603,"orthographic":true}