{"cameraMode":{"drawMode":0,"name":"Shaded","section":"Shading Mode"},"sceneLighting":true,"audioPlay":false,"sceneViewState":{"showFog":true,"showMaterialUpdate":false,"showSkybox":true,"showFlares":true,"showImageEffects":true,"showParticleSystems":true},"in2DMode":false,"pivot":{"x":0.0,"y":1.8200000524520875,"z":2.0199999809265138},"rotation":{"x":0.07418220490217209,"y":0.06278436630964279,"z":-0.004679237958043814,"w":0.995256781578064},"size":1.938500165939331,"orthographic":true}