{"cameraMode":{"drawMode":0,"name":"Shaded","section":"Shading Mode"},"sceneLighting":false,"audioPlay":false,"sceneViewState":{"showFog":true,"showMaterialUpdate":false,"showSkybox":false,"showFlares":true,"showImageEffects":true,"showParticleSystems":true},"in2DMode":false,"pivot":{"x":-5.644500732421875,"y":5.449244499206543,"z":-4.60777473449707},"rotation":{"x":0.09451854228973389,"y":0.6596579551696777,"z":-0.08416138589382172,"w":0.7408347129821777},"size":27.96837043762207,"orthographic":true}