{"cameraMode":{"drawMode":0,"name":"Shaded","section":"Shading Mode"},"sceneLighting":false,"audioPlay":false,"sceneViewState":{"showFog":true,"showMaterialUpdate":false,"showSkybox":false,"showFlares":true,"showImageEffects":true,"showParticleSystems":true},"in2DMode":false,"pivot":{"x":3.787109375,"y":3.06787109375,"z":-17.09033203125},"rotation":{"x":0.026343612000346185,"y":0.9640263319015503,"z":-0.10452152788639069,"w":0.24297328293323518},"size":4.579348564147949,"orthographic":true}