{"cameraMode":{"drawMode":0,"name":"Shaded","section":"Shading Mode"},"sceneLighting":false,"audioPlay":false,"sceneViewState":{"showFog":true,"showMaterialUpdate":false,"showSkybox":false,"showFlares":true,"showImageEffects":true,"showParticleSystems":true},"in2DMode":false,"pivot":{"x":1.7881393432617188e-7,"y":0.03532886505126953,"z":-0.025555923581123353},"rotation":{"x":-0.012154954485595227,"y":-0.2638181746006012,"z":-0.003325110301375389,"w":0.9644910097122192},"size":1.1229146718978882,"orthographic":true}