{"cameraMode":{"drawMode":0,"name":"Shaded","section":"Shading Mode"},"sceneLighting":false,"audioPlay":false,"sceneViewState":{"showFog":true,"showMaterialUpdate":false,"showSkybox":false,"showFlares":true,"showImageEffects":true,"showParticleSystems":true},"in2DMode":false,"pivot":{"x":0.4046630859375,"y":0.267578125,"z":-0.00244140625},"rotation":{"x":0.2281314581632614,"y":0.11795714497566223,"z":-0.027854828163981439,"w":0.9660578370094299},"size":1.4301116466522217,"orthographic":true}