{"cameraMode":{"drawMode":0,"name":"Shaded","section":"Shading Mode"},"sceneLighting":false,"audioPlay":false,"sceneViewState":{"showFog":true,"showMaterialUpdate":false,"showSkybox":false,"showFlares":true,"showImageEffects":true,"showParticleSystems":true},"in2DMode":false,"pivot":{"x":-4.210000514984131,"y":1.1699999570846558,"z":5.619999885559082},"rotation":{"x":-0.0008189904619939625,"y":0.9990745782852173,"z":-0.0368807315826416,"w":-0.0221870094537735},"size":0.6123724579811096,"orthographic":true}