{"cameraMode":{"drawMode":0,"name":"Shaded","section":"Shading Mode"},"sceneLighting":false,"audioPlay":false,"sceneViewState":{"showFog":true,"showMaterialUpdate":false,"showSkybox":false,"showFlares":true,"showImageEffects":true,"showParticleSystems":true},"in2DMode":false,"pivot":{"x":-23.78453826904297,"y":1.408499836921692,"z":26.846311569213868},"rotation":{"x":0.08558648824691773,"y":0.24865174293518067,"z":-0.022063367068767549,"w":0.9645529985427856},"size":1.2065379619598389,"orthographic":true}