{"cameraMode":{"drawMode":0,"name":"Shaded","section":"Shading Mode"},"sceneLighting":false,"audioPlay":false,"sceneViewState":{"showFog":true,"showMaterialUpdate":false,"showSkybox":false,"showFlares":true,"showImageEffects":true,"showParticleSystems":true},"in2DMode":false,"pivot":{"x":0.1347513198852539,"y":0.28192901611328127,"z":0.006591796875},"rotation":{"x":0.10356409102678299,"y":-0.3173010051250458,"z":0.03488413617014885,"w":0.9420077800750732},"size":0.4257517158985138,"orthographic":true}