{"cameraMode":{"drawMode":0,"name":"Shaded","section":"Shading Mode"},"sceneLighting":false,"audioPlay":false,"sceneViewState":{"showFog":true,"showMaterialUpdate":false,"showSkybox":false,"showFlares":true,"showImageEffects":true,"showParticleSystems":true},"in2DMode":false,"pivot":{"x":230.2815704345703,"y":228.17616271972657,"z":-4.199999809265137},"rotation":{"x":0.5366408824920654,"y":0.15978343784809113,"z":-0.10432244837284088,"w":0.8219582438468933},"size":0.2520943880081177,"orthographic":true}