{"cameraMode":{"drawMode":0,"name":"Shaded","section":"Shading Mode"},"sceneLighting":false,"audioPlay":false,"sceneViewState":{"showFog":true,"showMaterialUpdate":false,"showSkybox":false,"showFlares":true,"showImageEffects":true,"showParticleSystems":true},"in2DMode":false,"pivot":{"x":-0.9600000381469727,"y":1.0,"z":-2.0309500694274904},"rotation":{"x":0.5461146831512451,"y":-0.14164534211158753,"z":0.09430652111768723,"w":0.8202455043792725},"size":5.207174301147461,"orthographic":true}