{"cameraMode":{"drawMode":0,"name":"Shaded","section":"Shading Mode"},"sceneLighting":false,"audioPlay":false,"sceneViewState":{"showFog":true,"showMaterialUpdate":false,"showSkybox":false,"showFlares":true,"showImageEffects":true,"showParticleSystems":true},"in2DMode":false,"pivot":{"x":0.097991943359375,"y":0.160003662109375,"z":0.035999998450279239},"rotation":{"x":0.12413831055164337,"y":0.025299884378910066,"z":-0.0031662059482187034,"w":0.9919376969337463},"size":1.1161259412765504,"orthographic":true}