{"cameraMode":{"drawMode":0,"name":"Shaded","section":"Shading Mode"},"sceneLighting":false,"audioPlay":false,"sceneViewState":{"showFog":true,"showMaterialUpdate":false,"showSkybox":false,"showFlares":true,"showImageEffects":true,"showParticleSystems":true},"in2DMode":false,"pivot":{"x":1.2891223430633546,"y":1.1699999570846558,"z":-3.880000114440918},"rotation":{"x":0.30199360847473147,"y":-0.025735342875123025,"z":0.00815575011074543,"w":0.952928900718689},"size":0.6127312779426575,"orthographic":true}